"Daily exchange rates by type, currency and time"

"Exchange rates (DKK per 100 units of foreign currency)"
" ","Euro  (Jan. 1999-)"
" "," ","2019M01D02",746.6900
" "," ","2019M01D03",746.7500
" "," ","2019M01D04",746.7900
" "," ","2019M01D07",746.7500
" "," ","2019M01D08",746.6300
" "," ","2019M01D09",746.6100
" "," ","2019M01D10",746.5500
" "," ","2019M01D11",746.4300
" "," ","2019M01D14",746.3900
" "," ","2019M01D15",746.3800
" "," ","2019M01D16",746.4200
" "," ","2019M01D17",746.4900
" "," ","2019M01D18",746.4900
" "," ","2019M01D21",746.5900
" "," ","2019M01D22",746.6900
" "," ","2019M01D23",746.6700
" "," ","2019M01D24",746.5900
" "," ","2019M01D25",746.6400
" "," ","2019M01D28",746.5200
" "," ","2019M01D29",746.5000
" "," ","2019M01D30",746.4800
" "," ","2019M01D31",746.5700
" "," ","2019M02D01",746.5400
" "," ","2019M02D04",746.5400
" "," ","2019M02D05",746.5000
" "," ","2019M02D06",746.5200
" "," ","2019M02D07",746.3600
" "," ","2019M02D08",746.3400
" "," ","2019M02D11",746.3700
" "," ","2019M02D12",746.2300
" "," ","2019M02D13",746.1800
" "," ","2019M02D14",746.1500
" "," ","2019M02D15",746.1200
" "," ","2019M02D18",746.2000
" "," ","2019M02D19",746.1900
" "," ","2019M02D20",746.1400
" "," ","2019M02D21",746.1900
" "," ","2019M02D22",746.2000
" "," ","2019M02D25",746.1500
" "," ","2019M02D26",746.1600
" "," ","2019M02D27",746.1100
" "," ","2019M02D28",746.1100
" "," ","2019M03D01",746.1300
" "," ","2019M03D04",746.1600
" "," ","2019M03D05",746.1400
" "," ","2019M03D06",746.0900
" "," ","2019M03D07",746.1000
" "," ","2019M03D08",746.0000
" "," ","2019M03D11",746.0800
" "," ","2019M03D12",746.0200
" "," ","2019M03D13",746.0100
" "," ","2019M03D14",746.2400
" "," ","2019M03D15",746.3400
" "," ","2019M03D18",746.2100
" "," ","2019M03D19",746.2400
" "," ","2019M03D20",746.2400
" "," ","2019M03D21",746.2600
" "," ","2019M03D22",746.2200
" "," ","2019M03D25",746.4600
" "," ","2019M03D26",746.5400
" "," ","2019M03D27",746.6400
" "," ","2019M03D28",746.5700
" "," ","2019M03D29",746.5200
" "," ","2019M04D01",746.4100
" "," ","2019M04D02",746.4600
" "," ","2019M04D03",746.4300
" "," ","2019M04D04",746.3900
" "," ","2019M04D05",746.4600
" "," ","2019M04D08",746.5100
" "," ","2019M04D09",746.5000
" "," ","2019M04D10",746.5200
" "," ","2019M04D11",746.4800
" "," ","2019M04D12",746.4300
" "," ","2019M04D15",746.3900
" "," ","2019M04D16",746.4200
" "," ","2019M04D17",746.5200
" "," ","2019M04D23",746.5900
" "," ","2019M04D24",746.6600
" "," ","2019M04D25",746.6300
" "," ","2019M04D26",746.5400
" "," ","2019M04D29",746.5200
" "," ","2019M04D30",746.4600
" "," ","2019M05D01",..
" "," ","2019M05D02",746.5500
" "," ","2019M05D03",746.5700
" "," ","2019M05D06",746.6200
" "," ","2019M05D07",746.5700
" "," ","2019M05D08",746.5700
" "," ","2019M05D09",746.5900
" "," ","2019M05D10",746.5800
" "," ","2019M05D13",746.6800
" "," ","2019M05D14",746.9100
" "," ","2019M05D15",746.9500
" "," ","2019M05D16",746.7800
" "," ","2019M05D20",746.8100
" "," ","2019M05D21",746.8500
" "," ","2019M05D22",746.8000
" "," ","2019M05D23",746.8400
" "," ","2019M05D24",746.7800
" "," ","2019M05D27",746.8800
" "," ","2019M05D28",746.8900
" "," ","2019M05D29",746.8700
" "," ","2019M06D03",746.8000
" "," ","2019M06D04",746.7900
" "," ","2019M06D06",746.8700
" "," ","2019M06D07",746.8000
" "," ","2019M06D11",746.8700
" "," ","2019M06D12",746.7800
" "," ","2019M06D13",746.7800
" "," ","2019M06D14",746.7600
" "," ","2019M06D17",746.7400
" "," ","2019M06D18",746.7200
" "," ","2019M06D19",746.7100
" "," ","2019M06D20",746.6100
" "," ","2019M06D21",746.5700
" "," ","2019M06D24",746.6300
" "," ","2019M06D25",746.5400
" "," ","2019M06D26",746.5100
" "," ","2019M06D27",746.4100
" "," ","2019M06D28",746.3600
" "," ","2019M07D01",746.4700
" "," ","2019M07D02",746.3900
" "," ","2019M07D03",746.4100
" "," ","2019M07D04",746.3300
" "," ","2019M07D05",746.3500
" "," ","2019M07D08",746.3100
" "," ","2019M07D09",746.3400
" "," ","2019M07D10",746.3700
" "," ","2019M07D11",746.7300
" "," ","2019M07D12",746.7300
" "," ","2019M07D15",746.6900
" "," ","2019M07D16",746.7800
" "," ","2019M07D17",746.6900
" "," ","2019M07D18",746.7200
" "," ","2019M07D19",746.6200
" "," ","2019M07D22",746.6000
" "," ","2019M07D23",746.5900
" "," ","2019M07D24",746.4900
" "," ","2019M07D25",746.4800
" "," ","2019M07D26",746.6300
" "," ","2019M07D29",746.6800
" "," ","2019M07D30",746.6600
" "," ","2019M07D31",746.7400
" "," ","2019M08D01",746.6000
" "," ","2019M08D02",746.6000
" "," ","2019M08D05",746.5800
" "," ","2019M08D06",746.4400
" "," ","2019M08D07",746.3100
" "," ","2019M08D08",746.3100
" "," ","2019M08D09",746.3100
" "," ","2019M08D12",746.3300
" "," ","2019M08D13",746.3300
" "," ","2019M08D14",746.0800
" "," ","2019M08D15",745.9000
" "," ","2019M08D16",745.9000
" "," ","2019M08D19",745.8200
" "," ","2019M08D20",745.6000
" "," ","2019M08D21",745.6400
" "," ","2019M08D22",745.5800
" "," ","2019M08D23",745.5900
" "," ","2019M08D26",745.6400
" "," ","2019M08D27",745.7800
" "," ","2019M08D28",745.7800
" "," ","2019M08D29",745.7000
" "," ","2019M08D30",745.6200
" "," ","2019M09D02",745.6300
" "," ","2019M09D03",745.6600
" "," ","2019M09D04",745.8400
" "," ","2019M09D05",745.8800
" "," ","2019M09D06",746.1400
" "," ","2019M09D09",745.9800
" "," ","2019M09D10",746.0800
" "," ","2019M09D11",746.0700
" "," ","2019M09D12",746.2200
" "," ","2019M09D13",746.7800
" "," ","2019M09D16",746.7000
" "," ","2019M09D17",746.7100
" "," ","2019M09D18",746.7300
" "," ","2019M09D19",746.7200
" "," ","2019M09D20",746.6800
" "," ","2019M09D23",746.6400
" "," ","2019M09D24",746.6100
" "," ","2019M09D25",746.4800
" "," ","2019M09D26",746.4300
" "," ","2019M09D27",746.6100
" "," ","2019M09D30",746.6200
" "," ","2019M10D01",746.5500
" "," ","2019M10D02",746.6500
" "," ","2019M10D03",746.5600
" "," ","2019M10D04",746.6600
" "," ","2019M10D07",746.7900
" "," ","2019M10D08",746.8900
" "," ","2019M10D09",746.9100
" "," ","2019M10D10",746.8400
" "," ","2019M10D11",746.8800
" "," ","2019M10D14",746.8900
" "," ","2019M10D15",746.9900
" "," ","2019M10D16",747.1200
" "," ","2019M10D17",747.0700
" "," ","2019M10D18",747.0200
" "," ","2019M10D21",747.0800
" "," ","2019M10D22",747.0800
" "," ","2019M10D23",747.0700
" "," ","2019M10D24",747.0500
" "," ","2019M10D25",747.0400
" "," ","2019M10D28",747.0700
" "," ","2019M10D29",747.0600
" "," ","2019M10D30",747.0900
" "," ","2019M10D31",747.0800
" "," ","2019M11D01",747.1200
" "," ","2019M11D04",747.1300
" "," ","2019M11D05",747.1200
" "," ","2019M11D06",747.1300
" "," ","2019M11D07",747.2000
" "," ","2019M11D08",747.2700
" "," ","2019M11D11",747.2200
" "," ","2019M11D12",747.2300
" "," ","2019M11D13",747.2500
" "," ","2019M11D14",747.2000
" "," ","2019M11D15",747.2300
" "," ","2019M11D18",747.2600
" "," ","2019M11D19",747.2100
" "," ","2019M11D20",747.3100
" "," ","2019M11D21",747.3200
" "," ","2019M11D22",747.2700
" "," ","2019M11D25",747.1600
" "," ","2019M11D26",747.2000
" "," ","2019M11D27",747.1200
" "," ","2019M11D28",747.1500
" "," ","2019M11D29",747.1300
" "," ","2019M12D02",747.1200
" "," ","2019M12D03",747.1900
" "," ","2019M12D04",747.1500
" "," ","2019M12D05",747.1600
" "," ","2019M12D06",747.2200
" "," ","2019M12D09",747.2300
" "," ","2019M12D10",747.3100
" "," ","2019M12D11",747.2800
" "," ","2019M12D12",747.3200
" "," ","2019M12D13",747.3100
" "," ","2019M12D16",747.3100
" "," ","2019M12D17",747.3100
" "," ","2019M12D18",747.2000
" "," ","2019M12D19",747.2300
" "," ","2019M12D20",747.2000
" "," ","2019M12D23",747.1900
" "," ","2019M12D27",747.0400
" "," ","2019M12D30",746.9700
" "," ","2020M01D02",747.1900
" "," ","2020M01D03",747.3100
" "," ","2020M01D06",747.3200
" "," ","2020M01D07",747.3100
" "," ","2020M01D08",747.3100
" "," ","2020M01D09",747.3100
" "," ","2020M01D10",747.3100
" "," ","2020M01D13",747.3200
" "," ","2020M01D14",747.3100
" "," ","2020M01D15",747.2700
" "," ","2020M01D16",747.2900
" "," ","2020M01D17",747.2900
" "," ","2020M01D20",747.2600
" "," ","2020M01D21",747.2500
" "," ","2020M01D22",747.2900
" "," ","2020M01D23",747.3200
" "," ","2020M01D24",747.3000
" "," ","2020M01D27",747.2800
" "," ","2020M01D28",747.2800
" "," ","2020M01D29",747.2800
" "," ","2020M01D30",747.2900
" "," ","2020M01D31",747.3100
" "," ","2020M02D03",747.2900
" "," ","2020M02D04",747.2900
" "," ","2020M02D05",747.2800
" "," ","2020M02D06",747.2500
" "," ","2020M02D07",747.2400
" "," ","2020M02D10",747.2400
" "," ","2020M02D11",747.2100
" "," ","2020M02D12",747.1800
" "," ","2020M02D13",747.2100
" "," ","2020M02D14",747.1300
" "," ","2020M02D17",747.0100
" "," ","2020M02D18",747.0200
" "," ","2020M02D19",746.9300
" "," ","2020M02D20",746.8100
" "," ","2020M02D21",747.0200
" "," ","2020M02D24",746.9900
" "," ","2020M02D25",747.0100
" "," ","2020M02D26",747.1000
" "," ","2020M02D27",747.2500
" "," ","2020M02D28",747.2300
" "," ","2020M03D02",747.3000
" "," ","2020M03D03",747.3000
" "," ","2020M03D04",747.2700
" "," ","2020M03D05",747.1200
" "," ","2020M03D06",746.9700
" "," ","2020M03D09",746.9500
" "," ","2020M03D10",747.1400
" "," ","2020M03D11",747.2600
" "," ","2020M03D12",747.2700
" "," ","2020M03D13",747.3200
" "," ","2020M03D16",747.3100
" "," ","2020M03D17",747.3200
" "," ","2020M03D18",747.3200
" "," ","2020M03D19",747.3100
" "," ","2020M03D20",746.9100
" "," ","2020M03D23",747.0600
" "," ","2020M03D24",746.6900
" "," ","2020M03D25",746.8200
" "," ","2020M03D26",746.5900
" "," ","2020M03D27",746.0600
" "," ","2020M03D30",746.6700
" "," ","2020M03D31",746.7400
" "," ","2020M04D01",746.4200
" "," ","2020M04D02",746.6100
" "," ","2020M04D03",746.8900
" "," ","2020M04D06",746.6000
" "," ","2020M04D07",746.7500
" "," ","2020M04D08",746.4000
" "," ","2020M04D14",746.2300
" "," ","2020M04D15",746.3700
" "," ","2020M04D16",746.1900
" "," ","2020M04D17",746.0300
" "," ","2020M04D20",745.8400
" "," ","2020M04D21",745.8200
" "," ","2020M04D22",745.8900
" "," ","2020M04D23",745.7700
" "," ","2020M04D24",745.7700
" "," ","2020M04D27",745.9100
" "," ","2020M04D28",745.7000
" "," ","2020M04D29",745.7100
" "," ","2020M04D30",745.8400
" "," ","2020M05D01",..
" "," ","2020M05D04",746.2200
" "," ","2020M05D05",746.1200
" "," ","2020M05D06",746.1800
" "," ","2020M05D07",746.0500
" "," ","2020M05D11",745.9500
" "," ","2020M05D12",745.7700
" "," ","2020M05D13",745.5600
" "," ","2020M05D14",745.7300
" "," ","2020M05D15",745.7600
" "," ","2020M05D18",745.4800
" "," ","2020M05D19",745.6200
" "," ","2020M05D20",745.6500
" "," ","2020M05D25",745.6800
" "," ","2020M05D26",745.5800
" "," ","2020M05D27",745.8300
" "," ","2020M05D28",745.4400
" "," ","2020M05D29",745.4200
" "," ","2020M06D02",745.4100
" "," ","2020M06D03",745.4700
" "," ","2020M06D04",745.5700
" "," ","2020M06D08",745.5500
" "," ","2020M06D09",745.6800
" "," ","2020M06D10",745.5300
" "," ","2020M06D11",745.4900
" "," ","2020M06D12",745.5100
" "," ","2020M06D15",745.5900
" "," ","2020M06D16",745.6100
" "," ","2020M06D17",745.6000
" "," ","2020M06D18",745.5600
" "," ","2020M06D19",745.5400
" "," ","2020M06D22",745.4300
" "," ","2020M06D23",745.3700
" "," ","2020M06D24",745.3000
" "," ","2020M06D25",745.3400
" "," ","2020M06D26",745.2300
" "," ","2020M06D29",745.3100
" "," ","2020M06D30",745.2600
" "," ","2020M07D01",745.2800
" "," ","2020M07D02",745.0600
" "," ","2020M07D03",745.1600
" "," ","2020M07D06",745.1600
" "," ","2020M07D07",745.2200
" "," ","2020M07D08",744.9300
" "," ","2020M07D09",745.0300
" "," ","2020M07D10",744.8300
" "," ","2020M07D13",744.4800
" "," ","2020M07D14",744.4700
" "," ","2020M07D15",744.6500
" "," ","2020M07D16",744.5200
" "," ","2020M07D17",744.5300
" "," ","2020M07D20",744.8000
" "," ","2020M07D21",744.4900
" "," ","2020M07D22",744.4200
" "," ","2020M07D23",744.2900
" "," ","2020M07D24",744.3800
" "," ","2020M07D27",744.3600
" "," ","2020M07D28",744.2900
" "," ","2020M07D29",744.2700
" "," ","2020M07D30",744.2600
" "," ","2020M07D31",744.4200
" "," ","2020M08D03",744.6600
" "," ","2020M08D04",744.6200
" "," ","2020M08D05",745.0800
" "," ","2020M08D06",745.0000
" "," ","2020M08D07",744.8300
" "," ","2020M08D10",744.7900
" "," ","2020M08D11",744.6900
" "," ","2020M08D12",744.7200
" "," ","2020M08D13",744.7400
" "," ","2020M08D14",744.7000
" "," ","2020M08D17",744.7000
" "," ","2020M08D18",744.6600
" "," ","2020M08D19",744.5300
" "," ","2020M08D20",744.5100
" "," ","2020M08D21",744.4100
" "," ","2020M08D24",744.3500
" "," ","2020M08D25",744.2300
" "," ","2020M08D26",744.3900
" "," ","2020M08D27",744.2900
" "," ","2020M08D28",744.3900
" "," ","2020M08D31",744.3900
" "," ","2020M09D01",744.3400
" "," ","2020M09D02",744.1200
" "," ","2020M09D03",744.0100
" "," ","2020M09D04",744.0300
" "," ","2020M09D07",744.1100
" "," ","2020M09D08",744.0700
" "," ","2020M09D09",744.0300
" "," ","2020M09D10",744.0400
" "," ","2020M09D11",744.0200
" "," ","2020M09D14",743.9800
" "," ","2020M09D15",743.9600
" "," ","2020M09D16",743.9600
" "," ","2020M09D17",743.9600
" "," ","2020M09D18",744.0300
" "," ","2020M09D21",744.0800
" "," ","2020M09D22",744.1700
" "," ","2020M09D23",744.2900
" "," ","2020M09D24",744.2500
" "," ","2020M09D25",744.6500
" "," ","2020M09D28",744.5900
" "," ","2020M09D29",744.6100
" "," ","2020M09D30",744.6200
" "," ","2020M10D01",744.2100
" "," ","2020M10D02",744.1400
" "," ","2020M10D05",744.0000
" "," ","2020M10D06",744.0800
" "," ","2020M10D07",744.2100
" "," ","2020M10D08",744.2300
" "," ","2020M10D09",744.2200
" "," ","2020M10D12",744.3000
" "," ","2020M10D13",744.3200
" "," ","2020M10D14",744.3900
" "," ","2020M10D15",744.2900
" "," ","2020M10D16",744.2000
" "," ","2020M10D19",744.1000
" "," ","2020M10D20",744.2500
" "," ","2020M10D21",744.3200
" "," ","2020M10D22",744.0900
" "," ","2020M10D23",744.0700
" "," ","2020M10D26",744.1200
" "," ","2020M10D27",744.0600
" "," ","2020M10D28",744.3500
" "," ","2020M10D29",744.6200
" "," ","2020M10D30",744.6600
" "," ","2020M11D02",744.5500
" "," ","2020M11D03",744.6200
" "," ","2020M11D04",744.6600
" "," ","2020M11D05",744.6700
" "," ","2020M11D06",744.9300
" "," ","2020M11D09",744.7600
" "," ","2020M11D10",744.4500
" "," ","2020M11D11",744.3200
" "," ","2020M11D12",744.5900
" "," ","2020M11D13",744.6800
" "," ","2020M11D16",744.8000
" "," ","2020M11D17",744.8000
" "," ","2020M11D18",745.1600
" "," ","2020M11D19",744.9800
" "," ","2020M11D20",744.8900
" "," ","2020M11D23",744.7200
" "," ","2020M11D24",744.2400
" "," ","2020M11D25",744.1900
" "," ","2020M11D26",744.2000
" "," ","2020M11D27",744.1500
" "," ","2020M11D30",744.1200
" "," ","2020M12D01",744.4100
" "," ","2020M12D02",744.3800
" "," ","2020M12D03",744.3900
" "," ","2020M12D04",744.2900
" "," ","2020M12D07",744.3300
" "," ","2020M12D08",744.3600
" "," ","2020M12D09",744.2900
" "," ","2020M12D10",744.2300
" "," ","2020M12D11",744.2900
" "," ","2020M12D14",744.2100
" "," ","2020M12D15",744.2700
" "," ","2020M12D16",744.1500
" "," ","2020M12D17",743.9800
" "," ","2020M12D18",743.9300
" "," ","2020M12D21",744.0100
" "," ","2020M12D22",744.0100
" "," ","2020M12D23",743.8000
" "," ","2020M12D28",743.6100
" "," ","2020M12D29",743.8200
" "," ","2020M12D30",743.9300
" "," ","2021M01D04",743.7900
" "," ","2021M01D05",743.8700
" "," ","2021M01D06",743.9300
" "," ","2021M01D07",743.9200
" "," ","2021M01D08",743.6900
" "," ","2021M01D11",743.7200
" "," ","2021M01D12",743.8500
" "," ","2021M01D13",743.9200
" "," ","2021M01D14",743.9300
" "," ","2021M01D15",743.9300
" "," ","2021M01D18",743.9300
" "," ","2021M01D19",743.9300
" "," ","2021M01D20",743.8200
" "," ","2021M01D21",743.9500
" "," ","2021M01D22",744.0400
" "," ","2021M01D25",744.0600
" "," ","2021M01D26",743.9000
" "," ","2021M01D27",743.7700
" "," ","2021M01D28",743.6800
" "," ","2021M01D29",743.7000
" "," ","2021M02D01",743.7300
" "," ","2021M02D02",743.7300
" "," ","2021M02D03",743.7500
" "," ","2021M02D04",743.6700
" "," ","2021M02D05",743.6200
" "," ","2021M02D08",743.6500
" "," ","2021M02D09",743.6900
" "," ","2021M02D10",743.7300
" "," ","2021M02D11",743.8000
" "," ","2021M02D12",743.6100
" "," ","2021M02D15",743.6600
" "," ","2021M02D16",743.6700
" "," ","2021M02D17",743.6800
" "," ","2021M02D18",743.6200
" "," ","2021M02D19",743.6800
" "," ","2021M02D22",743.6500
" "," ","2021M02D23",743.6600
" "," ","2021M02D24",743.6400
" "," ","2021M02D25",743.6300
" "," ","2021M02D26",743.6100
" "," ","2021M03D01",743.6000
" "," ","2021M03D02",743.6100
" "," ","2021M03D03",743.6200
" "," ","2021M03D04",743.6100
" "," ","2021M03D05",743.6300
" "," ","2021M03D08",743.6200
" "," ","2021M03D09",743.6600
" "," ","2021M03D10",743.6600
" "," ","2021M03D11",743.6600
" "," ","2021M03D12",743.6600
" "," ","2021M03D15",743.6200
" "," ","2021M03D16",743.6000
" "," ","2021M03D17",743.6000
" "," ","2021M03D18",743.6000
" "," ","2021M03D19",743.6400
" "," ","2021M03D22",743.6000
" "," ","2021M03D23",743.6000
" "," ","2021M03D24",743.6000
" "," ","2021M03D25",743.6000
" "," ","2021M03D26",743.6100
" "," ","2021M03D29",743.6000
" "," ","2021M03D30",743.6900
" "," ","2021M03D31",743.7300
" "," ","2021M04D06",743.7900
" "," ","2021M04D07",743.6500
" "," ","2021M04D08",743.7700
" "," ","2021M04D09",743.7200
" "," ","2021M04D12",743.6900
" "," ","2021M04D13",743.7400
" "," ","2021M04D14",743.7200
" "," ","2021M04D15",743.7200
" "," ","2021M04D16",743.6800
" "," ","2021M04D19",743.6400
" "," ","2021M04D20",743.6500
" "," ","2021M04D21",743.6400
" "," ","2021M04D22",743.6600
" "," ","2021M04D23",743.6100
" "," ","2021M04D26",743.6200
" "," ","2021M04D27",743.6000
" "," ","2021M04D28",743.6000
" "," ","2021M04D29",743.6000
" "," ","2021M05D03",743.6500
" "," ","2021M05D04",743.6100
" "," ","2021M05D05",743.6000
" "," ","2021M05D06",743.6000
" "," ","2021M05D07",743.6100
" "," ","2021M05D10",743.6100
" "," ","2021M05D11",743.6000
" "," ","2021M05D12",743.6000
" "," ","2021M05D17",743.6300
" "," ","2021M05D18",743.6300
" "," ","2021M05D19",743.6000
" "," ","2021M05D20",743.6400
" "," ","2021M05D21",743.6200
" "," ","2021M05D25",743.6000
" "," ","2021M05D26",743.6000
" "," ","2021M05D27",743.6300
" "," ","2021M05D28",743.6600
" "," ","2021M05D31",743.6500
" "," ","2021M06D01",743.6600
" "," ","2021M06D02",743.6500
" "," ","2021M06D03",743.6500
" "," ","2021M06D04",743.6800
" "," ","2021M06D07",743.6900
" "," ","2021M06D08",743.6400
" "," ","2021M06D09",743.6600
" "," ","2021M06D10",743.6400
" "," ","2021M06D11",743.6100
" "," ","2021M06D14",743.6100
" "," ","2021M06D15",743.6200
" "," ","2021M06D16",743.6600
" "," ","2021M06D17",743.6900
" "," ","2021M06D18",743.6400
" "," ","2021M06D21",743.6400
" "," ","2021M06D22",743.6000
" "," ","2021M06D23",743.6200
" "," ","2021M06D24",743.6200
" "," ","2021M06D25",743.6300
" "," ","2021M06D28",743.6900
" "," ","2021M06D29",743.6300
" "," ","2021M06D30",743.6200
" "," ","2021M07D01",743.6000
" "," ","2021M07D02",743.6000
" "," ","2021M07D05",743.6000
" "," ","2021M07D06",743.6100
" "," ","2021M07D07",743.6100
" "," ","2021M07D08",743.6600
" "," ","2021M07D09",743.6700
" "," ","2021M07D12",743.7500
" "," ","2021M07D13",743.8000
" "," ","2021M07D14",743.7600
" "," ","2021M07D15",743.7500
" "," ","2021M07D16",743.8100
" "," ","2021M07D19",743.7700
" "," ","2021M07D20",743.8100
" "," ","2021M07D21",743.8500
" "," ","2021M07D22",743.8200
" "," ","2021M07D23",743.8200
" "," ","2021M07D26",743.7200
" "," ","2021M07D27",743.7100
" "," ","2021M07D28",743.7300
" "," ","2021M07D29",743.7600
" "," ","2021M07D30",743.7900
" "," ","2021M08D02",743.8100
" "," ","2021M08D03",743.7600
" "," ","2021M08D04",743.6700
" "," ","2021M08D05",743.6600
" "," ","2021M08D06",743.7100
" "," ","2021M08D09",743.7000
" "," ","2021M08D10",743.7300
" "," ","2021M08D11",743.7300
" "," ","2021M08D12",743.7100
" "," ","2021M08D13",743.7000
" "," ","2021M08D16",743.6700
" "," ","2021M08D17",743.6500
" "," ","2021M08D18",743.6800
" "," ","2021M08D19",743.6900
" "," ","2021M08D20",743.6800
" "," ","2021M08D23",743.6900
" "," ","2021M08D24",743.7000
" "," ","2021M08D25",743.6600
" "," ","2021M08D26",743.6600
" "," ","2021M08D27",743.6300
" "," ","2021M08D30",743.6100
" "," ","2021M08D31",743.6000
" "," ","2021M09D01",743.6100
" "," ","2021M09D02",743.6000
" "," ","2021M09D03",743.6100
" "," ","2021M09D06",743.6000
" "," ","2021M09D07",743.6200
" "," ","2021M09D08",743.6000
" "," ","2021M09D09",743.6200
" "," ","2021M09D10",743.6200
" "," ","2021M09D13",743.6200
" "," ","2021M09D14",743.6100
" "," ","2021M09D15",743.6100
" "," ","2021M09D16",743.6000
" "," ","2021M09D17",743.6000
" "," ","2021M09D20",743.5900
" "," ","2021M09D21",743.6000
" "," ","2021M09D22",743.6100
" "," ","2021M09D23",743.6200
" "," ","2021M09D24",743.6200
" "," ","2021M09D27",743.6000
" "," ","2021M09D28",743.6000
" "," ","2021M09D29",743.6000
" "," ","2021M09D30",743.6000
" "," ","2021M10D01",743.7200
" "," ","2021M10D04",743.7400
" "," ","2021M10D05",743.7900
" "," ","2021M10D06",743.9800
" "," ","2021M10D07",743.9900
" "," ","2021M10D08",744.1300
" "," ","2021M10D11",744.1200
" "," ","2021M10D12",744.0800
" "," ","2021M10D13",744.0700
" "," ","2021M10D14",744.0600
" "," ","2021M10D15",744.0200
" "," ","2021M10D18",744.0000
" "," ","2021M10D19",744.0600
" "," ","2021M10D20",744.0400
" "," ","2021M10D21",744.0600
" "," ","2021M10D22",744.0500
" "," ","2021M10D25",743.9900
" "," ","2021M10D26",743.9200
" "," ","2021M10D27",743.9400
" "," ","2021M10D28",743.9100
" "," ","2021M10D29",743.8900
" "," ","2021M11D01",743.9600
" "," ","2021M11D02",743.9900
" "," ","2021M11D03",743.8100
" "," ","2021M11D04",743.7700
" "," ","2021M11D05",743.7600
" "," ","2021M11D08",743.8300
" "," ","2021M11D09",743.7700
" "," ","2021M11D10",743.7600
" "," ","2021M11D11",743.7200
" "," ","2021M11D12",743.7000
" "," ","2021M11D15",743.7500
" "," ","2021M11D16",743.6700
" "," ","2021M11D17",743.6500
" "," ","2021M11D18",743.6200
" "," ","2021M11D19",743.6600
" "," ","2021M11D22",743.6800
" "," ","2021M11D23",743.6400
" "," ","2021M11D24",743.6700
" "," ","2021M11D25",743.6200
" "," ","2021M11D26",743.6500
" "," ","2021M11D29",743.6700
" "," ","2021M11D30",743.6800
" "," ","2021M12D01",743.6200
" "," ","2021M12D02",743.6200
" "," ","2021M12D03",743.6200
" "," ","2021M12D06",743.6200
" "," ","2021M12D07",743.6300
" "," ","2021M12D08",743.6200
" "," ","2021M12D09",743.6200
" "," ","2021M12D10",743.6200
" "," ","2021M12D13",743.6200
" "," ","2021M12D14",743.6200
" "," ","2021M12D15",743.6200
" "," ","2021M12D16",743.6200
" "," ","2021M12D17",743.6400
" "," ","2021M12D20",743.6300
" "," ","2021M12D21",743.6200
" "," ","2021M12D22",743.6200
" "," ","2021M12D23",743.6200
" "," ","2021M12D27",743.6200
" "," ","2021M12D28",743.6200
" "," ","2021M12D29",743.6500
" "," ","2021M12D30",743.6500
" "," ","2022M01D03",743.8200
" "," ","2022M01D04",743.7800
" "," ","2022M01D05",743.8400
" "," ","2022M01D06",743.9300
" "," ","2022M01D07",743.8000
" "," ","2022M01D10",743.8100
" "," ","2022M01D11",744.0400
" "," ","2022M01D12",744.1400
" "," ","2022M01D13",744.0900
" "," ","2022M01D14",744.1400
" "," ","2022M01D17",744.1700
" "," ","2022M01D18",744.2500
" "," ","2022M01D19",744.1900
" "," ","2022M01D20",744.2400
" "," ","2022M01D21",744.3100
" "," ","2022M01D24",744.3100
" "," ","2022M01D25",744.3700
" "," ","2022M01D26",744.2000
" "," ","2022M01D27",744.2800
" "," ","2022M01D28",744.3200
" "," ","2022M01D31",744.1900
" "," ","2022M02D01",744.0700
" "," ","2022M02D02",743.8300
" "," ","2022M02D03",743.8800
" "," ","2022M02D04",744.3200
" "," ","2022M02D07",744.4300
" "," ","2022M02D08",744.3700
" "," ","2022M02D09",744.3700
" "," ","2022M02D10",744.0400
" "," ","2022M02D11",744.0000
" "," ","2022M02D14",744.1100
" "," ","2022M02D15",744.2200
" "," ","2022M02D16",744.1000
" "," ","2022M02D17",743.9800
" "," ","2022M02D18",743.8200
" "," ","2022M02D21",743.9700
" "," ","2022M02D22",743.9200
" "," ","2022M02D23",743.8800
" "," ","2022M02D24",744.0500
" "," ","2022M02D25",744.1800
" "," ","2022M02D28",744.0400
" "," ","2022M03D01",743.7700
" "," ","2022M03D02",743.8700
" "," ","2022M03D03",743.9900
" "," ","2022M03D04",743.9400
" "," ","2022M03D07",744.0600
" "," ","2022M03D08",744.4100
" "," ","2022M03D09",744.4000
" "," ","2022M03D10",744.0100
" "," ","2022M03D11",744.0200
" "," ","2022M03D14",744.0500
" "," ","2022M03D15",744.1000
" "," ","2022M03D16",744.1200
" "," ","2022M03D17",744.3900
" "," ","2022M03D18",744.2300
" "," ","2022M03D21",744.1100
" "," ","2022M03D22",744.0200
" "," ","2022M03D23",743.8100
" "," ","2022M03D24",743.9700
" "," ","2022M03D25",744.0400
" "," ","2022M03D28",743.9300
" "," ","2022M03D29",743.8800
" "," ","2022M03D30",743.9100
" "," ","2022M03D31",743.7900
" "," ","2022M04D01",743.8800
" "," ","2022M04D04",743.8500
" "," ","2022M04D05",743.7800
" "," ","2022M04D06",743.7800
" "," ","2022M04D07",743.7800
" "," ","2022M04D08",743.7200
" "," ","2022M04D11",743.7500
" "," ","2022M04D12",743.7900
" "," ","2022M04D13",743.7700
" "," ","2022M04D19",743.9100
" "," ","2022M04D20",744.0500
" "," ","2022M04D21",744.0300
" "," ","2022M04D22",744.0200
" "," ","2022M04D25",743.9100
" "," ","2022M04D26",743.9300
" "," ","2022M04D27",744.1000
" "," ","2022M04D28",744.2100
" "," ","2022M04D29",744.1500
" "," ","2022M05D02",743.9100
" "," ","2022M05D03",744.0300
" "," ","2022M05D04",744.0900
" "," ","2022M05D05",744.0500
" "," ","2022M05D06",744.0000
" "," ","2022M05D09",743.8500
" "," ","2022M05D10",743.8600
" "," ","2022M05D11",743.9300
" "," ","2022M05D12",744.1300
" "," ","2022M05D16",744.1800
" "," ","2022M05D17",744.1400
" "," ","2022M05D18",744.1900
" "," ","2022M05D19",744.2300
" "," ","2022M05D20",744.2400
" "," ","2022M05D23",744.1300
" "," ","2022M05D24",744.1100
" "," ","2022M05D25",744.0500
" "," ","2022M05D30",743.9100
" "," ","2022M05D31",743.9400
" "," ","2022M06D01",743.9300
" "," ","2022M06D02",743.9100
" "," ","2022M06D03",743.8800
" "," ","2022M06D07",743.9500
" "," ","2022M06D08",743.8600
" "," ","2022M06D09",743.9100
" "," ","2022M06D10",743.8900
" "," ","2022M06D13",743.9700
" "," ","2022M06D14",744.0300
" "," ","2022M06D15",743.9200
" "," ","2022M06D16",743.8600
" "," ","2022M06D17",743.8400
" "," ","2022M06D20",743.8700
" "," ","2022M06D21",743.9300
" "," ","2022M06D22",743.8700
" "," ","2022M06D23",743.8800
" "," ","2022M06D24",743.9800
" "," ","2022M06D27",744.0800
" "," ","2022M06D28",743.9400
" "," ","2022M06D29",743.9200
" "," ","2022M06D30",743.9200
" "," ","2022M07D01",743.9100
" "," ","2022M07D04",743.9100
" "," ","2022M07D05",743.9600
" "," ","2022M07D06",744.0300
" "," ","2022M07D07",744.0500
" "," ","2022M07D08",744.2400
" "," ","2022M07D11",744.1400
" "," ","2022M07D12",744.0800
" "," ","2022M07D13",744.1600
" "," ","2022M07D14",744.2500
" "," ","2022M07D15",744.3000
" "," ","2022M07D18",744.3500
" "," ","2022M07D19",744.4900
" "," ","2022M07D20",744.5200
" "," ","2022M07D21",744.4600
" "," ","2022M07D22",744.4300
" "," ","2022M07D25",744.4900
" "," ","2022M07D26",744.4900
" "," ","2022M07D27",744.4600
" "," ","2022M07D28",744.4200
" "," ","2022M07D29",744.3800
" "," ","2022M08D01",744.5700
" "," ","2022M08D02",744.3200
" "," ","2022M08D03",744.2700
" "," ","2022M08D04",744.2500
" "," ","2022M08D05",744.1500
" "," ","2022M08D08",744.0500
" "," ","2022M08D09",744.0700
" "," ","2022M08D10",743.9700
" "," ","2022M08D11",743.9500
" "," ","2022M08D12",743.9500
" "," ","2022M08D15",743.7300
" "," ","2022M08D16",743.6800
" "," ","2022M08D17",743.7700
" "," ","2022M08D18",743.8900
" "," ","2022M08D19",743.7300
" "," ","2022M08D22",743.7000
" "," ","2022M08D23",743.7400
" "," ","2022M08D24",743.8100
" "," ","2022M08D25",743.7400
" "," ","2022M08D26",743.7900
" "," ","2022M08D29",743.7900
" "," ","2022M08D30",743.7600
" "," ","2022M08D31",743.7100
" "," ","2022M09D01",743.7200
" "," ","2022M09D02",743.7000
" "," ","2022M09D05",743.6400
" "," ","2022M09D06",743.6500
" "," ","2022M09D07",743.6500
" "," ","2022M09D08",743.6500
" "," ","2022M09D09",743.6500
" "," ","2022M09D12",743.6500
" "," ","2022M09D13",743.6600
" "," ","2022M09D14",743.6600
" "," ","2022M09D15",743.6600
" "," ","2022M09D16",743.6600
" "," ","2022M09D19",743.7300
" "," ","2022M09D20",743.6800
" "," ","2022M09D21",743.6400
" "," ","2022M09D22",743.6500
" "," ","2022M09D23",743.6500
" "," ","2022M09D26",743.6500
" "," ","2022M09D27",743.6600
" "," ","2022M09D28",743.6800
" "," ","2022M09D29",743.6500
" "," ","2022M09D30",743.6500
" "," ","2022M10D03",743.6600
" "," ","2022M10D04",743.7400
" "," ","2022M10D05",743.8800
" "," ","2022M10D06",743.9000
" "," ","2022M10D07",743.8100
" "," ","2022M10D10",743.8400
" "," ","2022M10D11",743.9000
" "," ","2022M10D12",743.9900
" "," ","2022M10D13",743.8500
" "," ","2022M10D14",743.7800
" "," ","2022M10D17",743.7900
" "," ","2022M10D18",743.9300
" "," ","2022M10D19",743.9000
" "," ","2022M10D20",743.8900
" "," ","2022M10D21",743.8200
" "," ","2022M10D24",743.8500
" "," ","2022M10D25",743.8700
" "," ","2022M10D26",743.8100
" "," ","2022M10D27",743.8700
" "," ","2022M10D28",744.2300
" "," ","2022M10D31",744.4400
" "," ","2022M11D01",744.3800
" "," ","2022M11D02",744.3100
" "," ","2022M11D03",744.3300
" "," ","2022M11D04",744.1900
" "," ","2022M11D07",743.9300
" "," ","2022M11D08",743.7800
" "," ","2022M11D09",743.8200
" "," ","2022M11D10",743.8100
" "," ","2022M11D11",743.8400
" "," ","2022M11D14",743.8200
" "," ","2022M11D15",743.8800
" "," ","2022M11D16",743.8600
" "," ","2022M11D17",743.8300
" "," ","2022M11D18",743.8500
" "," ","2022M11D21",743.7700
" "," ","2022M11D22",743.7700
" "," ","2022M11D23",743.7000
" "," ","2022M11D24",743.6900
" "," ","2022M11D25",743.6500
" "," ","2022M11D28",743.6700
" "," ","2022M11D29",743.6700
" "," ","2022M11D30",743.6600
" "," ","2022M12D01",743.7300
" "," ","2022M12D02",743.7300
" "," ","2022M12D05",743.6900
" "," ","2022M12D06",743.8000
" "," ","2022M12D07",743.8200
" "," ","2022M12D08",743.8200
" "," ","2022M12D09",743.7900
" "," ","2022M12D12",743.7900
" "," ","2022M12D13",743.9100
" "," ","2022M12D14",743.9200
" "," ","2022M12D15",743.8700
" "," ","2022M12D16",743.7900
" "," ","2022M12D19",743.8200
" "," ","2022M12D20",743.8800
" "," ","2022M12D21",743.8000
" "," ","2022M12D22",743.6700
" "," ","2022M12D23",743.6400
" "," ","2022M12D27",743.6600
" "," ","2022M12D28",743.6500
" "," ","2022M12D29",743.6500
" "," ","2022M12D30",743.6500
" "," ","2023M01D02",743.7400
" "," ","2023M01D03",743.7000
" "," ","2023M01D04",743.7400
" "," ","2023M01D05",743.7300
" "," ","2023M01D06",743.7000
" "," ","2023M01D09",743.7400
" "," ","2023M01D10",743.7500
" "," ","2023M01D11",743.7500
" "," ","2023M01D12",743.8500
" "," ","2023M01D13",743.8700
" "," ","2023M01D16",743.9200
" "," ","2023M01D17",743.8600
" "," ","2023M01D18",743.9900
" "," ","2023M01D19",743.9800
" "," ","2023M01D20",743.9100
" "," ","2023M01D23",743.9300
" "," ","2023M01D24",743.9900
" "," ","2023M01D25",743.8100
" "," ","2023M01D26",743.8300
" "," ","2023M01D27",743.7800
" "," ","2023M01D30",743.8300
" "," ","2023M01D31",743.8800
" "," ","2023M02D01",743.9600
" "," ","2023M02D02",743.9300
" "," ","2023M02D03",744.4300
" "," ","2023M02D06",744.3200
" "," ","2023M02D07",744.1500
" "," ","2023M02D08",744.2100
" "," ","2023M02D09",744.1900
" "," ","2023M02D10",744.4500
" "," ","2023M02D13",744.8500
" "," ","2023M02D14",745.1400
" "," ","2023M02D15",745.1500
" "," ","2023M02D16",744.9000
" "," ","2023M02D17",744.6400
" "," ","2023M02D20",744.6100
" "," ","2023M02D21",744.5600
" "," ","2023M02D22",744.5900
" "," ","2023M02D23",744.2900
" "," ","2023M02D24",744.3800
" "," ","2023M02D27",744.2600
" "," ","2023M02D28",744.4300
" "," ","2023M03D01",744.3100
" "," ","2023M03D02",744.1700
" "," ","2023M03D03",744.1200
" "," ","2023M03D06",744.2300
" "," ","2023M03D07",744.2600
" "," ","2023M03D08",744.1200
" "," ","2023M03D09",744.2100
" "," ","2023M03D10",744.2500
" "," ","2023M03D13",744.4400
" "," ","2023M03D14",744.4700
" "," ","2023M03D15",744.4600
" "," ","2023M03D16",744.7600
" "," ","2023M03D17",744.5000
" "," ","2023M03D20",744.5000
" "," ","2023M03D21",744.6500
" "," ","2023M03D22",744.7200
" "," ","2023M03D23",744.8200
" "," ","2023M03D24",745.1900
" "," ","2023M03D27",745.1500
" "," ","2023M03D28",744.9200
" "," ","2023M03D29",744.9500
" "," ","2023M03D30",744.9300
" "," ","2023M03D31",744.8500
" "," ","2023M04D03",745.0400
" "," ","2023M04D04",745.1300
" "," ","2023M04D05",744.9800
" "," ","2023M04D11",745.0500
" "," ","2023M04D12",745.0600
" "," ","2023M04D13",745.0900
" "," ","2023M04D14",745.1000
" "," ","2023M04D17",745.2000
" "," ","2023M04D18",745.1300
" "," ","2023M04D19",745.1400
" "," ","2023M04D20",745.2400
" "," ","2023M04D21",745.2700
" "," ","2023M04D24",745.3000
" "," ","2023M04D25",745.3000
" "," ","2023M04D26",745.3400
" "," ","2023M04D27",745.3800
" "," ","2023M04D28",745.3800
" "," ","2023M05D01",..
" "," ","2023M05D02",745.3800
" "," ","2023M05D03",745.1400
" "," ","2023M05D04",745.0300
" "," ","2023M05D08",744.7300
" "," ","2023M05D09",744.5200
" "," ","2023M05D10",744.7800
" "," ","2023M05D11",744.8400
" "," ","2023M05D12",744.8400
" "," ","2023M05D15",744.7100
" "," ","2023M05D16",744.6800
" "," ","2023M05D17",744.7600
" "," ","2023M05D22",744.7800
" "," ","2023M05D23",744.7500
" "," ","2023M05D24",744.7700
" "," ","2023M05D25",745.0200
" "," ","2023M05D26",744.8900
" "," ","2023M05D30",744.8600
" "," ","2023M05D31",744.8000
" "," ","2023M06D01",744.7700
" "," ","2023M06D02",744.8800
" "," ","2023M06D06",744.9400
" "," ","2023M06D07",744.9400
" "," ","2023M06D08",744.9800
" "," ","2023M06D09",745.0500
" "," ","2023M06D12",745.2000
" "," ","2023M06D13",745.2400
" "," ","2023M06D14",745.2900
" "," ","2023M06D15",745.2300
" "," ","2023M06D16",745.0500
" "," ","2023M06D19",744.9800
" "," ","2023M06D20",744.9100
" "," ","2023M06D21",744.7900
" "," ","2023M06D22",744.8600
" "," ","2023M06D23",744.8500
" "," ","2023M06D26",744.5800
" "," ","2023M06D27",744.7400
" "," ","2023M06D28",744.6900
" "," ","2023M06D29",744.7600
" "," ","2023M06D30",744.7400
" "," ","2023M07D03",744.6800
" "," ","2023M07D04",744.7900
" "," ","2023M07D05",744.8200
" "," ","2023M07D06",744.9300
" "," ","2023M07D07",745.1500
" "," ","2023M07D10",745.1200
" "," ","2023M07D11",745.2900
" "," ","2023M07D12",745.2400
" "," ","2023M07D13",745.2300
" "," ","2023M07D14",744.8400
" "," ","2023M07D17",745.0400
" "," ","2023M07D18",745.0900
" "," ","2023M07D19",745.0700
" "," ","2023M07D20",745.0800
" "," ","2023M07D21",745.0800
" "," ","2023M07D24",745.1400
" "," ","2023M07D25",745.1500
" "," ","2023M07D26",745.1700
" "," ","2023M07D27",745.1800
" "," ","2023M07D28",745.2700
" "," ","2023M07D31",745.2900
" "," ","2023M08D01",745.1800
" "," ","2023M08D02",745.1800
" "," ","2023M08D03",745.1700
" "," ","2023M08D04",745.1400
" "," ","2023M08D07",745.1500
" "," ","2023M08D08",745.1500
" "," ","2023M08D09",745.1100
" "," ","2023M08D10",745.1200
" "," ","2023M08D11",745.1000
" "," ","2023M08D14",745.1500
" "," ","2023M08D15",745.1900
" "," ","2023M08D16",745.2000
" "," ","2023M08D17",745.1800
" "," ","2023M08D18",745.1400
" "," ","2023M08D21",745.2400
" "," ","2023M08D22",745.3500
" "," ","2023M08D23",745.3100
" "," ","2023M08D24",745.3900
" "," ","2023M08D25",745.3700
" "," ","2023M08D28",745.3000
" "," ","2023M08D29",745.2900
" "," ","2023M08D30",745.3100
" "," ","2023M08D31",745.2300
" "," ","2023M09D01",745.2800
" "," ","2023M09D04",745.2700
" "," ","2023M09D05",745.3300
" "," ","2023M09D06",745.6300
" "," ","2023M09D07",745.9900
" "," ","2023M09D08",745.9100
" "," ","2023M09D11",745.8200
" "," ","2023M09D12",746.0100
" "," ","2023M09D13",746.0900
" "," ","2023M09D14",746.0100
" "," ","2023M09D15",745.7300
" "," ","2023M09D18",745.5100
" "," ","2023M09D19",745.5100
" "," ","2023M09D20",745.2800
" "," ","2023M09D21",745.4700
" "," ","2023M09D22",745.5700
" "," ","2023M09D25",745.7100
" "," ","2023M09D26",745.7500
" "," ","2023M09D27",745.6600
" "," ","2023M09D28",745.5800
" "," ","2023M09D29",745.7100
" "," ","2023M10D02",745.8500
" "," ","2023M10D03",745.8400
" "," ","2023M10D04",745.8900
" "," ","2023M10D05",745.7800
" "," ","2023M10D06",745.7500
" "," ","2023M10D09",745.7100
" "," ","2023M10D10",745.6400
" "," ","2023M10D11",745.6700
" "," ","2023M10D12",745.6200
" "," ","2023M10D13",745.8200
" "," ","2023M10D16",745.9200
" "," ","2023M10D17",746.1000
" "," ","2023M10D18",746.1000
" "," ","2023M10D19",746.2500
" "," ","2023M10D20",746.2000
" "," ","2023M10D23",746.3400
" "," ","2023M10D24",746.4800
" "," ","2023M10D25",746.3900
" "," ","2023M10D26",746.3200
" "," ","2023M10D27",746.3900
" "," ","2023M10D30",746.3900
" "," ","2023M10D31",746.4700
" "," ","2023M11D01",746.4400
" "," ","2023M11D02",746.3500
" "," ","2023M11D03",746.2500
" "," ","2023M11D06",745.8700
" "," ","2023M11D07",745.7700
" "," ","2023M11D08",745.8000
" "," ","2023M11D09",745.8400
" "," ","2023M11D10",745.7700
" "," ","2023M11D13",745.9800
" "," ","2023M11D14",745.9700
" "," ","2023M11D15",745.8800
" "," ","2023M11D16",745.9200
" "," ","2023M11D17",745.8200
" "," ","2023M11D20",745.6500
" "," ","2023M11D21",745.5600
" "," ","2023M11D22",745.4700
" "," ","2023M11D23",745.5900
" "," ","2023M11D24",745.5900
" "," ","2023M11D27",745.5400
" "," ","2023M11D28",745.6000
" "," ","2023M11D29",745.6500
" "," ","2023M11D30",745.4800
" "," ","2023M12D01",745.4300
" "," ","2023M12D04",745.6400
" "," ","2023M12D05",745.5900
" "," ","2023M12D06",745.5700
" "," ","2023M12D07",745.5100
" "," ","2023M12D08",745.5800
" "," ","2023M12D11",745.6300
" "," ","2023M12D12",745.6900
" "," ","2023M12D13",745.6600
" "," ","2023M12D14",745.6600
" "," ","2023M12D15",745.5600
" "," ","2023M12D18",745.4900
" "," ","2023M12D19",745.6400
" "," ","2023M12D20",745.6500
" "," ","2023M12D21",745.5800
" "," ","2023M12D22",745.6000
" "," ","2023M12D27",745.4900
" "," ","2023M12D28",745.4500
" "," ","2023M12D29",745.2900
" "," ","2024M01D02",745.5100
" "," ","2024M01D03",745.8100
" "," ","2024M01D04",745.9000
" "," ","2024M01D05",745.8400
" "," ","2024M01D08",746.1500
" "," ","2024M01D09",745.7700
" "," ","2024M01D10",745.8200
" "," ","2024M01D11",745.6800
" "," ","2024M01D12",745.6500
" "," ","2024M01D15",745.9000
" "," ","2024M01D16",745.8200
" "," ","2024M01D17",745.8600
" "," ","2024M01D18",745.7100
" "," ","2024M01D19",745.7500
" "," ","2024M01D22",745.8500
" "," ","2024M01D23",745.7400
" "," ","2024M01D24",745.6800
" "," ","2024M01D25",745.6000
" "," ","2024M01D26",745.4900
" "," ","2024M01D29",745.3800
" "," ","2024M01D30",745.4300
" "," ","2024M01D31",745.5000
" "," ","2024M02D01",745.4200
" "," ","2024M02D02",745.4000
" "," ","2024M02D05",745.6000
" "," ","2024M02D06",746.0500
" "," ","2024M02D07",745.8600
" "," ","2024M02D08",745.6200
" "," ","2024M02D09",745.3600
" "," ","2024M02D12",745.4800
" "," ","2024M02D13",745.4800
" "," ","2024M02D14",745.3700
" "," ","2024M02D15",745.4700
" "," ","2024M02D16",745.4600
" "," ","2024M02D19",745.4700
" "," ","2024M02D20",745.4200
" "," ","2024M02D21",745.4500
" "," ","2024M02D22",745.4000
" "," ","2024M02D23",745.4400
" "," ","2024M02D26",745.4200
" "," ","2024M02D27",745.5100
" "," ","2024M02D28",745.4000
" "," ","2024M02D29",745.4000